"class_id","class_name","crop_en","crop_ar","disease_en","disease_ar","status","pathogen_en","pathogen_ar","symptoms_en","symptoms_ar","environmental_factors_en","environmental_factors_ar","predisposing_stress_en","predisposing_stress_ar","chemical_treatment_en","chemical_treatment_ar","organic_treatment_en","organic_treatment_ar","prevention_en","prevention_ar","severity","season_en","season_ar","source_url"
"0","Apple___Apple_scab","Apple","تفاح","Apple Scab","جرب التفاح","diseased","Fungus: Venturia inaequalis","فطر: Venturia inaequalis","Olive-green velvety spots with fringed borders on leaves; turn brown/black, cause yellowing and drop. Fruit develops corky, cracked spots.","بقع مخملية خضراء زيتونية ذات حواف مهدبة على الأوراق، تتحول للبني/الأسود وتسبب اصفرار وسقوط الورق. الثمار تصاب بتشققات فلينية.","Cool, wet spring weather; prolonged leaf wetness; high humidity.","طقس ربيعي بارد ورطب، وبقاء الأوراق مبللة فترة طويلة، رطوبة مرتفعة.","Dense canopy, poor air circulation, infected fallen leaves left on ground.","كثافة المجموع الخضري، ضعف التهوية، ترك الأوراق المصابة الساقطة على الأرض.","Captan, myclobutanil, or mancozeb applied at green-tip through petal fall; rotate FRAC groups to prevent resistance.","كابتان أو مايكلوبوتانيل أو مانكوزيب من مرحلة البرعم الأخضر حتى سقوط البتلات؛ مع تبديل مجموعات الـ FRAC لمنع المقاومة.","Sulfur or copper sprays at early bud stage; lime-sulfur as a dormant spray.","رش الكبريت أو النحاس في مرحلة البرعم المبكرة؛ رش الكبريت الجيري في فترة السكون.","Rake and destroy fallen leaves, prune for airflow, plant resistant cultivars (Liberty, Enterprise, Freedom).","جمع وإتلاف الأوراق الساقطة، التقليم لتحسين التهوية، زراعة أصناف مقاومة (Liberty, Enterprise, Freedom).","High","Spring and early summer","الربيع وبداية الصيف","https://extension.umn.edu/plant-diseases/apple-scab"
"1","Apple___Black_rot","Apple","تفاح","Black Rot (Frogeye Leaf Spot)","العفن الأسود (بقعة عين الضفدع)","diseased","Fungus: Diplodia seriata (syn. Botryosphaeria obtusa)","فطر: Diplodia seriata (المسمى سابقًا Botryosphaeria obtusa)","Frogeye leaf spot: circular spots with purple edges and tan centers. Fruit shows brown rot with concentric rings at blossom end. Sunken cankers on branches.","بقعة عين الضفدع: بقع دائرية بأطراف بنفسجية ومراكز بنية فاتحة. تعفن بني مع حلقات دائرية على الثمار من جهة الزهرة. تقرحات غائرة في الأفرع.","Warm, humid summers; wounds on bark; freeze damage; previous infections left in orchard.","صيف دافئ رطب، جروح في اللحاء، أضرار صقيع، عدوى سابقة متروكة في البستان.","Drought stress, winter injury, nutrient deficiency (especially potassium), dead wood.","إجهاد جفاف، إصابة شتوية، نقص عناصر (خاصة البوتاسيوم)، خشب ميت.","Captan, thiophanate-methyl, or strobilurins (Pristine, Merivon) if sanitation fails.","كابتان أو ثيوفانات ميثيل أو ستروبيلورينات (Pristine, Merivon) عند فشل النظافة الزراعية.","Copper or sulfur sprays; remove mummified fruit and prune out cankers.","رش النحاس أو الكبريت، إزالة الثمار الجافة وتقليم التقرحات.","Sanitation is primary: prune dead wood, remove mummies, dispose of pruning debris; avoid tree stress.","النظافة أولًا: تقليم الخشب الميت، إزالة الثمار المحنطة، التخلص من مخلفات التقليم، تجنب إجهاد الأشجار.","Medium","Late summer through fall","أواخر الصيف وحتى الخريف","https://extension.umn.edu/plant-diseases/black-rot-apple"
"2","Apple___Cedar_apple_rust","Apple","تفاح","Cedar Apple Rust","صدأ التفاح والأرز (سيدر)","diseased","Fungus: Gymnosporangium juniperi-virginianae (requires both apple and juniper/cedar hosts)","فطر: Gymnosporangium juniperi-virginianae (يحتاج إلى عائلَين: تفاح وجونيبر/سيدر)","Bright orange-yellow spots on upper leaf surface; tube-like structures (aecia) on lower surface; deformed fruit on blossom end.","بقع برتقالية-صفراء لامعة على السطح العلوي للورقة، تراكيب أنبوبية (aecia) على السطح السفلي، تشوه الثمار من جهة الزهرة.","Wet spring; proximity to juniper/eastern red cedar trees (within 1-2 miles).","ربيع ممطر، وجود أشجار الأرز أو العرعر قريبة (على بعد 1-2 ميل).","Alternate host (juniper) nearby is required for disease cycle; no cedar = no disease.","وجود العائل البديل (العرعر/السيدر) ضروري لدورة المرض؛ بدون العرعر لا يوجد مرض.","Mancozeb or myclobutanil from pink-bud stage through first cover spray.","مانكوزيب أو مايكلوبوتانيل من مرحلة البرعم الوردي وحتى أول رشة تغطية.","Sulfur sprays; prune galls from nearby junipers before April 1.","رش الكبريت، إزالة التورمات (galls) من أشجار العرعر قبل 1 أبريل.","Plant resistant varieties (Liberty, Freedom, William's Pride); remove cedar/juniper trees near orchard when possible.","زراعة أصناف مقاومة (Liberty, Freedom, William's Pride)، إزالة أشجار العرعر القريبة إن أمكن.","Medium","Spring (April–June)","الربيع (أبريل-يونيو)","https://extension.umn.edu/plant-diseases/cedar-apple-rust"
"3","Apple___healthy","Apple","تفاح","Healthy","سليم","healthy","None","لا يوجد","Uniform green leaves, firm stems, no spots, lesions, mold, or curling.","أوراق خضراء موحدة، سيقان قوية، بدون بقع أو تقرحات أو عفن أو التفاف.","Adequate sunlight, balanced irrigation, good air circulation, moderate humidity.","ضوء شمس كافٍ، ري متوازن، تهوية جيدة، رطوبة معتدلة.","None detected. Maintain balanced N-P-K and avoid waterlogging.","لا يوجد إجهاد. حافظ على توازن NPK وتجنب ركود الماء.","Not required.","غير مطلوب.","Preventive only: compost, mulching, foliar seaweed extract if needed.","وقائي فقط: كمبوست، تغطية التربة، رش مستخلص أعشاب بحرية عند الحاجة.","Continue good agricultural practice: crop rotation, sanitation, resistant cultivars.","استمر في الممارسات الجيدة: دورة زراعية، نظافة، أصناف مقاومة.","None","All seasons","جميع المواسم","https://www.apsnet.org/edcenter/Pages/default.aspx"
"4","Blueberry___healthy","Blueberry","توت أزرق","Healthy","سليم","healthy","None","لا يوجد","Uniform green leaves, firm stems, no spots, lesions, mold, or curling.","أوراق خضراء موحدة، سيقان قوية، بدون بقع أو تقرحات أو عفن أو التفاف.","Adequate sunlight, balanced irrigation, good air circulation, moderate humidity.","ضوء شمس كافٍ، ري متوازن، تهوية جيدة، رطوبة معتدلة.","None detected. Maintain balanced N-P-K and avoid waterlogging.","لا يوجد إجهاد. حافظ على توازن NPK وتجنب ركود الماء.","Not required.","غير مطلوب.","Preventive only: compost, mulching, foliar seaweed extract if needed.","وقائي فقط: كمبوست، تغطية التربة، رش مستخلص أعشاب بحرية عند الحاجة.","Continue good agricultural practice: crop rotation, sanitation, resistant cultivars.","استمر في الممارسات الجيدة: دورة زراعية، نظافة، أصناف مقاومة.","None","All seasons","جميع المواسم","https://www.apsnet.org/edcenter/Pages/default.aspx"
"5","Cherry___Powdery_mildew","Cherry","كرز","Powdery Mildew","البياض الدقيقي","diseased","Fungus: Podosphaera clandestina","فطر: Podosphaera clandestina","White powdery fungal growth on leaves and shoots; leaves curl upward; new shoots stunted; fruit develops white patches.","نموات فطرية بيضاء دقيقية على الأوراق والأفرع، التفاف الأوراق للأعلى، تقزم الأفرع الجديدة، ظهور بقع بيضاء على الثمار.","Warm days (20–27°C) with cool nights; dry conditions (unlike most fungi, does not need wet leaves).","نهار دافئ (20-27°م) وليل بارد، ظروف جافة (على عكس معظم الفطريات، لا يحتاج بلل الأوراق).","Shaded, dense canopies; excess nitrogen fertilization; poor air circulation.","المجموع الخضري المتشابك المظلّل، الإفراط في التسميد الآزوتي، ضعف التهوية.","FRAC Group 3, 7, or 11 fungicides; Quintec (FRAC 13) or Vivando (FRAC 50) starting at petal fall.","مبيدات من مجموعة FRAC 3 أو 7 أو 11، Quintec (FRAC 13) أو Vivando (FRAC 50) بدءًا من سقوط البتلات.","Sulfur sprays, potassium bicarbonate, horticultural oils, milk solution (1:9 with water).","رش الكبريت، بيكربونات البوتاسيوم، الزيوت البستانية، محلول الحليب (1 : 9 مع الماء).","Prune for good airflow; avoid excess nitrogen; plant resistant cultivars; morning irrigation only.","التقليم لتهوية جيدة، تجنب الإفراط في الآزوت، زراعة أصناف مقاومة، الري صباحًا فقط.","Medium","Late spring through summer","أواخر الربيع حتى الصيف","https://treefruit.wsu.edu/crop-protection/disease-management/cherry-powdery-mildew/"
"6","Cherry___healthy","Cherry","كرز","Healthy","سليم","healthy","None","لا يوجد","Uniform green leaves, firm stems, no spots, lesions, mold, or curling.","أوراق خضراء موحدة، سيقان قوية، بدون بقع أو تقرحات أو عفن أو التفاف.","Adequate sunlight, balanced irrigation, good air circulation, moderate humidity.","ضوء شمس كافٍ، ري متوازن، تهوية جيدة، رطوبة معتدلة.","None detected. Maintain balanced N-P-K and avoid waterlogging.","لا يوجد إجهاد. حافظ على توازن NPK وتجنب ركود الماء.","Not required.","غير مطلوب.","Preventive only: compost, mulching, foliar seaweed extract if needed.","وقائي فقط: كمبوست، تغطية التربة، رش مستخلص أعشاب بحرية عند الحاجة.","Continue good agricultural practice: crop rotation, sanitation, resistant cultivars.","استمر في الممارسات الجيدة: دورة زراعية، نظافة، أصناف مقاومة.","None","All seasons","جميع المواسم","https://www.apsnet.org/edcenter/Pages/default.aspx"
"7","Corn___Cercospora_leaf_spot","Corn (Maize)","ذرة","Gray Leaf Spot (Cercospora)","بقعة الأوراق الرمادية (سركوسبورا)","diseased","Fungus: Cercospora zeae-maydis","فطر: Cercospora zeae-maydis","Small pinpoint lesions with yellow halos that elongate into narrow rectangular brown-gray lesions restricted by leaf veins.","بقع صغيرة دقيقة بهالة صفراء تمتد لتصبح بقع مستطيلة رفيعة بنية-رمادية محصورة بين عروق الأوراق.","High humidity (>90%), warm temperatures (25-30°C), prolonged leaf wetness, continuous corn cropping.","رطوبة عالية (>90%)، حرارة 25-30°م، بقاء الأوراق مبللة طويلًا، زراعة الذرة بشكل متواصل.","No-till farming + continuous corn + dense planting; high residue levels harbor the fungus.","الزراعة بدون حرث + ذرة متواصلة + زراعة كثيفة؛ بقايا المحصول تحمل الفطر.","Propiconazole, mancozeb, or strobilurins (FRAC 11) applied at VT-R1 when lesions cover 2-3% of lower leaves.","بروبيكونازول أو مانكوزيب أو ستروبيلورينات (FRAC 11) عند مرحلة VT-R1 عندما تصيب البقع 2-3% من الأوراق السفلية.","Crop rotation (1-2 years), tillage to bury residue, resistant hybrids.","دورة زراعية (1-2 سنة)، حرث لدفن البقايا، هجن مقاومة.","Plant resistant hybrids, rotate with non-host crops, avoid excessive no-till in high-risk fields.","زراعة هجن مقاومة، التناوب مع محاصيل غير عائلة، تجنب الاعتماد المفرط على عدم الحرث في الحقول عالية الخطورة.","High","Mid to late summer","منتصف إلى أواخر الصيف","https://extension.umn.edu/corn-pest-management/gray-leaf-spot-corn"
"8","Corn___Common_rust","Corn (Maize)","ذرة","Common Rust","الصدأ الشائع","diseased","Fungus: Puccinia sorghi","فطر: Puccinia sorghi","Chlorotic flecks developing into brick-red, powdery, oval pustules on both leaf surfaces; pustules ~3mm long.","نقط صفراء تتطور إلى بثرات بودرية بيضاوية لون طوب أحمر على سطحي الورقة، حجم البثرة حوالي 3 مم.","Cool (16-23°C) and humid conditions (100% humidity for 6+ hours); spores carried from southern regions by wind.","ظروف باردة (16-23°م) ورطبة (رطوبة 100% لأكثر من 6 ساعات)، الأبواغ تُحمل من المناطق الجنوبية بالرياح.","Susceptible hybrids and cool weather during silking stage.","الهجن القابلة للإصابة والطقس البارد خلال مرحلة تكوين الحرير.","Strobilurins or triazoles (propiconazole, azoxystrobin) applied early when few pustules present.","ستروبيلورينات أو تريازولات (بروبيكونازول، أزوكسيستروبين) تطبَّق مبكرًا عند وجود عدد قليل من البثرات.","Usually not needed in field corn; use resistant hybrids.","غالبًا لا حاجة لذلك في ذرة الحقل، يُكتفى باستخدام هجن مقاومة.","Use resistant hybrids (Rp-genes); scout early; fungicide only if disease appears before tasseling.","استخدام هجن مقاومة (جينات Rp)، الكشف المبكر، تطبيق المبيد فقط إذا ظهر المرض قبل التزهير الذكري.","Medium","Early to mid summer","بداية إلى منتصف الصيف","https://extension.umn.edu/corn-pest-management/common-rust-corn"
"9","Corn___Northern_Leaf_Blight","Corn (Maize)","ذرة","Northern Corn Leaf Blight","لفحة الذرة الشمالية","diseased","Fungus: Exserohilum turcicum (syn. Setosphaeria turcica)","فطر: Exserohilum turcicum","Long, cigar-shaped, grayish-green to tan lesions (2-15 cm) parallel to leaf margins; dark spores visible with hand lens.","بقع طويلة على شكل سيجار، رمادية-خضراء إلى بنية فاتحة (2-15 سم) موازية لحواف الورقة، يمكن رؤية الأبواغ الداكنة بالعدسة.","Moderate temperatures (18-27°C), high humidity, heavy dews, extended leaf wetness >6 hours.","حرارة معتدلة (18-27°م)، رطوبة عالية، ندى كثيف، بقاء الأوراق مبللة أكثر من 6 ساعات.","Continuous corn, susceptible hybrids, reduced tillage leaves infected residue on surface.","الذرة المتواصلة، الهجن القابلة للإصابة، الحرث المحدود يترك البقايا المصابة على السطح.","Flutriafol, propiconazole, or pyraclostrobin from V8 to tasseling stage under high pressure.","Flutriafol أو بروبيكونازول أو بيراكلوستروبين من مرحلة V8 حتى التزهير تحت ضغط مرض عالٍ.","Crop rotation + tillage + resistant hybrids; no effective organic spray.","دورة زراعية + حرث + هجن مقاومة؛ لا يوجد رش عضوي فعال.","Plant resistant hybrids (Ht1, Ht2, Ht3, HtN genes), rotate crops, plow under residue.","زراعة هجن مقاومة (جينات Ht1, Ht2, Ht3, HtN)، التناوب المحصولي، حرث البقايا.","High","Mid to late summer","منتصف إلى أواخر الصيف","https://extension.umn.edu/corn-pest-management/northern-corn-leaf-blight"
"10","Corn___healthy","Corn (Maize)","ذرة","Healthy","سليم","healthy","None","لا يوجد","Uniform green leaves, firm stems, no spots, lesions, mold, or curling.","أوراق خضراء موحدة، سيقان قوية، بدون بقع أو تقرحات أو عفن أو التفاف.","Adequate sunlight, balanced irrigation, good air circulation, moderate humidity.","ضوء شمس كافٍ، ري متوازن، تهوية جيدة، رطوبة معتدلة.","None detected. Maintain balanced N-P-K and avoid waterlogging.","لا يوجد إجهاد. حافظ على توازن NPK وتجنب ركود الماء.","Not required.","غير مطلوب.","Preventive only: compost, mulching, foliar seaweed extract if needed.","وقائي فقط: كمبوست، تغطية التربة، رش مستخلص أعشاب بحرية عند الحاجة.","Continue good agricultural practice: crop rotation, sanitation, resistant cultivars.","استمر في الممارسات الجيدة: دورة زراعية، نظافة، أصناف مقاومة.","None","All seasons","جميع المواسم","https://www.apsnet.org/edcenter/Pages/default.aspx"
"11","Grape___Black_rot","Grape","عنب","Black Rot","العفن الأسود","diseased","Fungus: Guignardia bidwellii (anamorph: Phyllosticta ampelicida)","فطر: Guignardia bidwellii","Small yellow leaf spots enlarging to lesions with reddish-brown borders and tan centers with ringed black pycnidia; berries shrivel into black mummies.","بقع صفراء صغيرة على الأوراق تتسع إلى بقع بإطار بني محمر ومركز فاتح مع نقاط سوداء دائرية (pycnidia)؛ الحبات تتحول إلى مومياء سوداء مجففة.","Warm (20-32°C) and humid weather; 6+ hours of wetness needed for infection.","طقس دافئ (20-32°م) ورطب؛ يحتاج إلى بلل مستمر 6 ساعات أو أكثر للإصابة.","Infected mummies from prior year left on vines/ground are the main inoculum source.","المومياوات المصابة من العام السابق المتروكة على الكرمة/الأرض هي المصدر الرئيسي للعدوى.","Mancozeb, myclobutanil, or pyraclostrobin from 2-3 weeks before bloom through 4-6 weeks after bloom.","مانكوزيب أو مايكلوبوتانيل أو بيراكلوستروبين من 2-3 أسابيع قبل التزهير حتى 4-6 أسابيع بعد التزهير.","Copper, sulfur sprays; remove all mummies before spring bud break.","رش النحاس أو الكبريت، إزالة جميع المومياوات قبل تفتح البراعم الربيعية.","Sanitation (remove mummies and debris), canopy management for airflow, protective fungicide program.","النظافة (إزالة المومياوات والبقايا)، إدارة المجموع الخضري للتهوية، برنامج مبيدات وقائية.","High","Spring to early summer","الربيع إلى بداية الصيف","https://ohioline.osu.edu/factsheet/plpath-fru-24"
"12","Grape___Esca","Grape","عنب","Esca (Black Measles)","إسكا (الحصبة السوداء)","diseased","Fungal complex: Phaeoacremonium spp. + Phaeomoniella chlamydospora + Fomitiporia mediterranea","مجموعة فطرية: Phaeoacremonium spp. + Phaeomoniella chlamydospora + Fomitiporia mediterranea","Interveinal 'tiger stripe' pattern on leaves (yellow in white varieties, red in red varieties); dark spots on berries; internal wood darkening.","نمط ""خطوط النمر"" بين العروق (أصفر في الأصناف البيضاء، أحمر في الأصناف الحمراء)، بقع داكنة على الحبات، سواد داخلي في الخشب.","Pathogens enter via pruning wounds; infection favored by wet weather after pruning.","المسببات تدخل عبر جروح التقليم؛ العدوى تنشط في طقس رطب بعد التقليم.","Drought stress + pruning wounds during wet weather; old vines (>10 years) more susceptible.","إجهاد الجفاف + جروح التقليم في الطقس الرطب؛ الكرمات القديمة (>10 سنوات) أكثر قابلية.","Only thiophanate-methyl approved for wound protection; no cure once vine is systemic.","ثيوفانات ميثيل فقط مسموح به لحماية الجروح؛ لا يوجد علاج بعد إصابة الكرمة جهازيًا.","Trichoderma-based biocontrol paints on pruning wounds; trunk renewal (cut infected section and retrain).","دهانات حيوية ببكتيريا Trichoderma على جروح التقليم، تجديد الجذع (قطع الجزء المصاب وإعادة التربية).","Prune during dry weather; protect pruning wounds; avoid large cuts on older vines; remove symptomatic vines.","التقليم في الجو الجاف، حماية جروح التقليم، تجنب القطوع الكبيرة في الكرمات الكبيرة، إزالة الكرمات المريضة.","High","Symptoms appear July–August","الأعراض تظهر يوليو-أغسطس","https://ipm.ucanr.edu/agriculture/grape/esca-black-measles/"
"13","Grape___Leaf_blight","Grape","عنب","Leaf Blight (Isariopsis Leaf Spot)","لفحة الأوراق (بقعة إزاريوبسيز)","diseased","Fungus: Pseudocercospora vitis (formerly Isariopsis clavispora)","فطر: Pseudocercospora vitis (اسمه سابقًا Isariopsis clavispora)","Large irregular spots, initially dull red to brown, turning black and brittle with age. Usually appears late in season.","بقع كبيرة غير منتظمة، تبدأ حمراء باهتة إلى بنية، ثم تسودّ وتصبح هشة. عادة تظهر أواخر الموسم.","Warm, humid conditions late in the growing season; poor spray coverage.","ظروف دافئة ورطبة أواخر الموسم، ضعف تغطية الرش.","Neglected or poorly sprayed vineyards; late-season vigor loss.","كروم مهملة أو ضعيفة الرش، ضعف نشاط الكرمة أواخر الموسم.","Copper fungicides (Bordeaux mixture) applied late in season after fruiting.","مبيدات نحاسية (مخلوط بوردو) تطبَّق أواخر الموسم بعد الإثمار.","Copper sprays; lemongrass essential oil has shown efficacy in trials.","رش النحاس، زيت الليمون الأساسي أثبت فعالية في التجارب.","Canopy management (shoot thinning, leaf removal), maintain regular fungicide schedule through late season.","إدارة المجموع الخضري (تقليم الأفرع، إزالة الأوراق)، الحفاظ على جدول مبيدات منتظم حتى أواخر الموسم.","Low","Late summer to fall","أواخر الصيف إلى الخريف","https://plantvillage.psu.edu/topics/grape/infos/diseases_and_pests_description_uses_propagation"
"14","Grape___healthy","Grape","عنب","Healthy","سليم","healthy","None","لا يوجد","Uniform green leaves, firm stems, no spots, lesions, mold, or curling.","أوراق خضراء موحدة، سيقان قوية، بدون بقع أو تقرحات أو عفن أو التفاف.","Adequate sunlight, balanced irrigation, good air circulation, moderate humidity.","ضوء شمس كافٍ، ري متوازن، تهوية جيدة، رطوبة معتدلة.","None detected. Maintain balanced N-P-K and avoid waterlogging.","لا يوجد إجهاد. حافظ على توازن NPK وتجنب ركود الماء.","Not required.","غير مطلوب.","Preventive only: compost, mulching, foliar seaweed extract if needed.","وقائي فقط: كمبوست، تغطية التربة، رش مستخلص أعشاب بحرية عند الحاجة.","Continue good agricultural practice: crop rotation, sanitation, resistant cultivars.","استمر في الممارسات الجيدة: دورة زراعية، نظافة، أصناف مقاومة.","None","All seasons","جميع المواسم","https://www.apsnet.org/edcenter/Pages/default.aspx"
"15","Orange___Haunglongbing","Orange (Citrus)","برتقال (موالح)","Huanglongbing (Citrus Greening)","هوانجلونجبينج (التخضّر)","diseased","Bacterium: Candidatus Liberibacter asiaticus (CLas); vectored by Asian citrus psyllid Diaphorina citri","بكتيريا: Candidatus Liberibacter asiaticus (CLas)؛ ينقلها حشرة بسيلا الحمضيات الآسيوية Diaphorina citri","Asymmetric blotchy mottle on leaves, yellow veins, small lopsided bitter fruit with green ends, premature fruit drop, eventual tree death.","تبقع متبقّع غير متماثل على الأوراق، اصفرار العروق، ثمار صغيرة غير منتظمة الشكل مريرة الطعم خضراء الأطراف، تساقط مبكر للثمار، وموت الشجرة في النهاية.","Warm regions favor psyllid populations; no environmental cure exists.","المناطق الدافئة مفضّلة لتكاثر البسيلا، ولا يوجد علاج بيئي.","Proximity to infected trees or nurseries; any psyllid infestation in orchard.","القرب من أشجار أو مشاتل مصابة، أي إصابة بالبسيلا في البستان.","No cure. Control psyllids with imidacloprid, thiamethoxam, or pyrethroids (rotate to avoid resistance).","لا يوجد علاج. مكافحة البسيلا بـ إيميداكلوبريد أو ثياميثوكسام أو بيرثرويدات (مع التبديل لمنع المقاومة).","Horticultural oils, kaolin clay, neem oil for psyllid control; biocontrol with Tamarixia radiata wasp.","زيوت بستانية، طين الكاولين، زيت النيم لمكافحة البسيلا، المكافحة الحيوية باستخدام زنبور Tamarixia radiata.","Use certified disease-free nursery stock; remove infected trees immediately; scout for psyllids weekly; area-wide management.","استخدام شتلات معتمدة خالية من المرض، إزالة الأشجار المصابة فورًا، الكشف الأسبوعي عن البسيلا، إدارة شاملة للمنطقة.","High","Year-round in warm climates","طوال العام في المناخات الدافئة","https://crec.ifas.ufl.edu/research/citrus-production/disease-identification/citrus-greening-huanglongbing/"
"16","Peach___Bacterial_spot","Peach","خوخ","Bacterial Spot","التبقع البكتيري","diseased","Bacterium: Xanthomonas arboricola pv. pruni","بكتيريا: Xanthomonas arboricola pv. pruni","Small angular water-soaked leaf spots turning purple-brown then dropping out ('shot-hole' look); fruit cracks; twig cankers (spring cankers).","بقع زاوية صغيرة مشبعة بالماء على الأوراق تتحول لبني بنفسجي ثم تسقط (مظهر ثقب الطلقة)، تشقق الثمار، تقرحات على الأفرع (تقرحات الربيع).","Warm, wet weather (24-29°C); wind-driven rain; overhead irrigation.","طقس دافئ رطب (24-29°م)، مطر مصحوب برياح، ري علوي.","Sandy soils, weak tree vigor, poor nutrition (especially low K and Zn), susceptible cultivars.","تربة رملية، ضعف نمو الشجرة، تغذية ضعيفة (خاصة البوتاسيوم والزنك)، أصناف قابلة للإصابة.","Copper sprays at dormant/shuck-split, reducing rate to avoid foliar burn; oxytetracycline in severe cases.","رش النحاس في مرحلة السكون/انشقاق القشرة، مع تخفيض الجرعة لتجنب حرق الأوراق، أوكسي تتراسيكلين في الحالات الشديدة.","Copper hydroxide at dormancy; plant resistant varieties (Contender, Redhaven, Harrow Diamond).","هيدروكسيد النحاس في مرحلة السكون، زراعة أصناف مقاومة (Contender, Redhaven, Harrow Diamond).","Resistant cultivars, avoid overhead irrigation, prune during dry weather, ensure balanced fertilization (adequate K and Zn).","أصناف مقاومة، تجنب الري العلوي، التقليم في طقس جاف، التسميد المتوازن (خاصة البوتاسيوم والزنك).","High","Spring to early summer","الربيع إلى بداية الصيف","https://extension.psu.edu/stone-fruit-disease-bacterial-spot"
"17","Peach___healthy","Peach","خوخ","Healthy","سليم","healthy","None","لا يوجد","Uniform green leaves, firm stems, no spots, lesions, mold, or curling.","أوراق خضراء موحدة، سيقان قوية، بدون بقع أو تقرحات أو عفن أو التفاف.","Adequate sunlight, balanced irrigation, good air circulation, moderate humidity.","ضوء شمس كافٍ، ري متوازن، تهوية جيدة، رطوبة معتدلة.","None detected. Maintain balanced N-P-K and avoid waterlogging.","لا يوجد إجهاد. حافظ على توازن NPK وتجنب ركود الماء.","Not required.","غير مطلوب.","Preventive only: compost, mulching, foliar seaweed extract if needed.","وقائي فقط: كمبوست، تغطية التربة، رش مستخلص أعشاب بحرية عند الحاجة.","Continue good agricultural practice: crop rotation, sanitation, resistant cultivars.","استمر في الممارسات الجيدة: دورة زراعية، نظافة، أصناف مقاومة.","None","All seasons","جميع المواسم","https://www.apsnet.org/edcenter/Pages/default.aspx"
"18","Pepper_bell___Bacterial_spot","Bell Pepper","فلفل رومي","Bacterial Spot","التبقع البكتيري","diseased","Bacteria: Xanthomonas euvesicatoria, X. vesicatoria, X. gardneri, X. perforans","بكتيريا: Xanthomonas euvesicatoria و X. vesicatoria و X. gardneri و X. perforans","Small (<3 mm) brown circular leaf spots without yellow halo; centers do not fall out (unlike in tomato); fruit shows raised brown scabs.","بقع دائرية بنية صغيرة (<3 مم) على الأوراق بدون هالة صفراء، مراكزها لا تسقط (عكس الطماطم)، بقع بنية مرتفعة على الثمار.","Warm (24-30°C), humid, rainy weather; seed-borne inoculum; contaminated tools.","طقس دافئ (24-30°م) رطب ممطر، بذور ملوثة، أدوات ملوثة.","Overhead watering, dense planting, working plants while wet, infected seed or transplants.","الري العلوي، الزراعة الكثيفة، العمل مع النباتات وهي مبللة، شتلات أو بذور مصابة.","Copper + mancozeb tank mix every 7-10 days; copper resistance is common, so rotate with streptomycin where allowed.","خليط نحاس + مانكوزيب كل 7-10 أيام، مقاومة النحاس شائعة فاستبدلها بـ ستربتومايسين عند السماح.","Copper hydroxide; hot water seed treatment (50°C for 25 min); Serenade (Bacillus subtilis).","هيدروكسيد النحاس، معالجة البذور بالماء الساخن (50°م لمدة 25 دقيقة)، Serenade (Bacillus subtilis).","Use certified disease-free seed/transplants; drip irrigation; 2-3 year rotation; resistant cultivars.","استخدام بذور/شتلات معتمدة خالية من المرض، ري بالتنقيط، دورة زراعية 2-3 سنوات، أصناف مقاومة.","High","Warm summer months","أشهر الصيف الدافئة","https://extension.umn.edu/disease-management/bacterial-spot-tomato-and-pepper"
"19","Pepper_bell___healthy","Bell Pepper","فلفل رومي","Healthy","سليم","healthy","None","لا يوجد","Uniform green leaves, firm stems, no spots, lesions, mold, or curling.","أوراق خضراء موحدة، سيقان قوية، بدون بقع أو تقرحات أو عفن أو التفاف.","Adequate sunlight, balanced irrigation, good air circulation, moderate humidity.","ضوء شمس كافٍ، ري متوازن، تهوية جيدة، رطوبة معتدلة.","None detected. Maintain balanced N-P-K and avoid waterlogging.","لا يوجد إجهاد. حافظ على توازن NPK وتجنب ركود الماء.","Not required.","غير مطلوب.","Preventive only: compost, mulching, foliar seaweed extract if needed.","وقائي فقط: كمبوست، تغطية التربة، رش مستخلص أعشاب بحرية عند الحاجة.","Continue good agricultural practice: crop rotation, sanitation, resistant cultivars.","استمر في الممارسات الجيدة: دورة زراعية، نظافة، أصناف مقاومة.","None","All seasons","جميع المواسم","https://www.apsnet.org/edcenter/Pages/default.aspx"
"20","Potato___Early_blight","Potato","بطاطس","Early Blight","اللفحة المبكرة","diseased","Fungus: Alternaria solani","فطر: Alternaria solani","Dark brown lesions with concentric rings (target-like) on older leaves first; papery and sunken; tuber lesions are dark, sunken with corky flesh beneath.","بقع بنية داكنة بحلقات دائرية (تشبه الهدف) تبدأ بالأوراق القديمة، تصبح ورقية وغائرة، بقع الدرنات داكنة غائرة مع لحم فليني تحتها.","Warm (24-29°C) temperatures with alternating wet-dry periods; attacks stressed or senescing plants.","حرارة 24-29°م مع تناوب فترات الرطب والجاف، يهاجم النباتات المجهدة أو كبار السن.","Nitrogen deficiency, drought stress, heavy fruit load, plants past mid-season vigor.","نقص الآزوت، إجهاد الجفاف، حمل ثمري ثقيل، تجاوز النبات لمرحلة نموه النشط.","Chlorothalonil, mancozeb, or azoxystrobin on a 7-14 day schedule starting at row closure.","كلوروثالونيل أو مانكوزيب أو أزوكسيستروبين كل 7-14 يوم بدءًا من انغلاق الصفوف.","Copper sprays; Bacillus subtilis (Serenade); compost tea; maintain proper N fertilization.","رش النحاس، Bacillus subtilis (Serenade)، شاي الكمبوست، تسميد آزوتي مناسب.","Maintain plant vigor with balanced fertilization; 2-3 year crop rotation; avoid overhead irrigation; remove volunteer potatoes.","الحفاظ على نشاط النبات بتسميد متوازن، دورة زراعية 2-3 سنوات، تجنب الري العلوي، إزالة نباتات البطاطس العفوية.","Medium","Mid to late growing season","منتصف إلى أواخر الموسم","https://extension.umn.edu/disease-management/early-blight-tomato-and-potato"
"21","Potato___Late_blight","Potato","بطاطس","Late Blight","اللفحة المتأخرة","diseased","Oomycete (water mold): Phytophthora infestans","عضو الأومِسيتات (عفن مائي): Phytophthora infestans","Irregular water-soaked lesions on leaves turning dark brown; white fuzzy sporulation on leaf undersides in humid conditions; stem lesions; tuber rot with reddish-brown granular flesh.","بقع مشبعة بالماء غير منتظمة على الأوراق تتحول بنية داكنة، زغب أبيض من الأسفل في الرطوبة العالية، بقع على السيقان، تعفن الدرنات مع لحم حبيبي بني محمر.","Cool (15-20°C), wet, foggy, humid weather; infamous for Irish Potato Famine 1845.","طقس بارد (15-20°م) رطب ضبابي، مشهور بمجاعة البطاطس الأيرلندية 1845.","Dense planting, irrigation at dusk, infected seed tubers, volunteer potatoes/tomatoes in area.","زراعة كثيفة، ري قبل المغيب، درنات بذار مصابة، بطاطس/طماطم عفوية في المنطقة.","Protectants (mancozeb, chlorothalonil) + translaminar (cymoxanil, mandipropamid) on 5-7 day schedule under pressure.","مبيدات وقائية (مانكوزيب، كلوروثالونيل) + جهازية (cymoxanil, mandipropamid) كل 5-7 أيام تحت الضغط.","Copper hydroxide on a preventive 5-day schedule; destroy infected plants immediately.","هيدروكسيد النحاس كرش وقائي كل 5 أيام، إتلاف النباتات المصابة فورًا.","Certified clean seed, resistant varieties (Defender, Sarpo Mira), destroy cull piles, monitor forecasts (USABlight).","بذور معتمدة نظيفة، أصناف مقاومة (Defender, Sarpo Mira)، إتلاف أكوام البطاطس المستبعدة، متابعة التنبؤات (USABlight).","High","Cool wet seasons (spring/fall)","المواسم الباردة الرطبة (ربيع/خريف)","https://extension.umn.edu/disease-management/late-blight"
"22","Potato___healthy","Potato","بطاطس","Healthy","سليم","healthy","None","لا يوجد","Uniform green leaves, firm stems, no spots, lesions, mold, or curling.","أوراق خضراء موحدة، سيقان قوية، بدون بقع أو تقرحات أو عفن أو التفاف.","Adequate sunlight, balanced irrigation, good air circulation, moderate humidity.","ضوء شمس كافٍ، ري متوازن، تهوية جيدة، رطوبة معتدلة.","None detected. Maintain balanced N-P-K and avoid waterlogging.","لا يوجد إجهاد. حافظ على توازن NPK وتجنب ركود الماء.","Not required.","غير مطلوب.","Preventive only: compost, mulching, foliar seaweed extract if needed.","وقائي فقط: كمبوست، تغطية التربة، رش مستخلص أعشاب بحرية عند الحاجة.","Continue good agricultural practice: crop rotation, sanitation, resistant cultivars.","استمر في الممارسات الجيدة: دورة زراعية، نظافة، أصناف مقاومة.","None","All seasons","جميع المواسم","https://www.apsnet.org/edcenter/Pages/default.aspx"
"23","Raspberry___healthy","Raspberry","توت العُلّيق","Healthy","سليم","healthy","None","لا يوجد","Uniform green leaves, firm stems, no spots, lesions, mold, or curling.","أوراق خضراء موحدة، سيقان قوية، بدون بقع أو تقرحات أو عفن أو التفاف.","Adequate sunlight, balanced irrigation, good air circulation, moderate humidity.","ضوء شمس كافٍ، ري متوازن، تهوية جيدة، رطوبة معتدلة.","None detected. Maintain balanced N-P-K and avoid waterlogging.","لا يوجد إجهاد. حافظ على توازن NPK وتجنب ركود الماء.","Not required.","غير مطلوب.","Preventive only: compost, mulching, foliar seaweed extract if needed.","وقائي فقط: كمبوست، تغطية التربة، رش مستخلص أعشاب بحرية عند الحاجة.","Continue good agricultural practice: crop rotation, sanitation, resistant cultivars.","استمر في الممارسات الجيدة: دورة زراعية، نظافة، أصناف مقاومة.","None","All seasons","جميع المواسم","https://www.apsnet.org/edcenter/Pages/default.aspx"
"24","Soybean___healthy","Soybean","فول الصويا","Healthy","سليم","healthy","None","لا يوجد","Uniform green leaves, firm stems, no spots, lesions, mold, or curling.","أوراق خضراء موحدة، سيقان قوية، بدون بقع أو تقرحات أو عفن أو التفاف.","Adequate sunlight, balanced irrigation, good air circulation, moderate humidity.","ضوء شمس كافٍ، ري متوازن، تهوية جيدة، رطوبة معتدلة.","None detected. Maintain balanced N-P-K and avoid waterlogging.","لا يوجد إجهاد. حافظ على توازن NPK وتجنب ركود الماء.","Not required.","غير مطلوب.","Preventive only: compost, mulching, foliar seaweed extract if needed.","وقائي فقط: كمبوست، تغطية التربة، رش مستخلص أعشاب بحرية عند الحاجة.","Continue good agricultural practice: crop rotation, sanitation, resistant cultivars.","استمر في الممارسات الجيدة: دورة زراعية، نظافة، أصناف مقاومة.","None","All seasons","جميع المواسم","https://www.apsnet.org/edcenter/Pages/default.aspx"
"25","Squash___Powdery_mildew","Squash","قرع (كوسة)","Powdery Mildew","البياض الدقيقي","diseased","Fungi: Podosphaera xanthii and Erysiphe cichoracearum","فطر: Podosphaera xanthii و Erysiphe cichoracearum","White powdery spots on upper and lower leaf surfaces, petioles, and stems; leaves yellow and die prematurely; reduces fruit quality.","بقع بيضاء دقيقية على سطحي الورقة والأعناق والسيقان، اصفرار الأوراق وموتها المبكر، انخفاض جودة الثمار.","Warm days (20-27°C) with high humidity but dry leaf surfaces; shaded conditions; low light.","نهار دافئ (20-27°م) مع رطوبة عالية لكن أوراق جافة، ظروف مظللة، إضاءة منخفضة.","Excessive nitrogen, dense planting, poor air circulation, lack of sunlight.","إفراط في الآزوت، زراعة كثيفة، ضعف التهوية، نقص ضوء الشمس.","Chlorothalonil (FRAC M05), myclobutanil, or sulfur at first sign; rotate FRAC groups.","كلوروثالونيل (FRAC M05)، مايكلوبوتانيل، أو الكبريت عند أول ظهور، مع تبديل مجموعات الـ FRAC.","Potassium bicarbonate (MilStop), sulfur, neem oil, milk solution (1:10), Bacillus subtilis.","بيكربونات البوتاسيوم (MilStop)، الكبريت، زيت النيم، محلول الحليب (1:10)، Bacillus subtilis.","Plant resistant varieties; space plants well; avoid overhead watering; morning irrigation; remove infected leaves.","أصناف مقاومة، مسافات زراعة مناسبة، تجنب الري العلوي، الري صباحًا، إزالة الأوراق المصابة.","Medium","Mid to late summer","منتصف إلى أواخر الصيف","https://www.vegetables.cornell.edu/pest-management/disease-factsheets/cucurbit-powdery-mildew/"
"26","Strawberry___Leaf_scorch","Strawberry","فراولة","Leaf Scorch","لفحة الأوراق","diseased","Fungus: Diplocarpon earlianum","فطر: Diplocarpon earlianum","Small (3-6 mm) purple spots on upper leaf surfaces (no light center, unlike leaf spot); leaves turn brown, dry, curl at margins giving a 'scorched' look.","بقع صغيرة (3-6 مم) بنفسجية على السطح العلوي للأوراق (بدون مركز فاتح، على عكس leaf spot)، الأوراق تتحول بنية جافة ملتفة الأطراف (مظهر محروق).","Warm, wet spring weather; prolonged leaf wetness; splash from soil.","طقس ربيعي دافئ رطب، بقاء الأوراق مبللة، تناثر من التربة.","Overhead irrigation, late-evening watering, crowded plantings, infected plant debris left from previous year.","ري علوي، ري في المساء، زراعة كثيفة، بقايا نباتية مصابة من العام السابق.","Thiophanate-methyl applied starting at bloom, repeated every 2 weeks if wet conditions persist.","ثيوفانات ميثيل بدءًا من التزهير، يُكرر كل أسبوعين إذا استمرت الظروف الرطبة.","Copper sprays; Bacillus subtilis; remove and destroy infected leaves and debris.","رش النحاس، Bacillus subtilis، إزالة وإتلاف الأوراق والبقايا المصابة.","Use drip irrigation; remove debris at end of season; morning watering; resistant varieties (Allstar, Delite, Earliglow).","ري بالتنقيط، إزالة البقايا أواخر الموسم، الري صباحًا، أصناف مقاومة (Allstar, Delite, Earliglow).","Medium","Spring to early summer","الربيع إلى بداية الصيف","https://ipm.ucanr.edu/PMG/GARDEN/FRUIT/DISEASE/leafscorch.html"
"27","Strawberry___healthy","Strawberry","فراولة","Healthy","سليم","healthy","None","لا يوجد","Uniform green leaves, firm stems, no spots, lesions, mold, or curling.","أوراق خضراء موحدة، سيقان قوية، بدون بقع أو تقرحات أو عفن أو التفاف.","Adequate sunlight, balanced irrigation, good air circulation, moderate humidity.","ضوء شمس كافٍ، ري متوازن، تهوية جيدة، رطوبة معتدلة.","None detected. Maintain balanced N-P-K and avoid waterlogging.","لا يوجد إجهاد. حافظ على توازن NPK وتجنب ركود الماء.","Not required.","غير مطلوب.","Preventive only: compost, mulching, foliar seaweed extract if needed.","وقائي فقط: كمبوست، تغطية التربة، رش مستخلص أعشاب بحرية عند الحاجة.","Continue good agricultural practice: crop rotation, sanitation, resistant cultivars.","استمر في الممارسات الجيدة: دورة زراعية، نظافة، أصناف مقاومة.","None","All seasons","جميع المواسم","https://www.apsnet.org/edcenter/Pages/default.aspx"
"28","Tomato___Bacterial_spot","Tomato","طماطم","Bacterial Spot","التبقع البكتيري","diseased","Bacteria: Xanthomonas spp. (euvesicatoria, vesicatoria, gardneri, perforans)","بكتيريا: Xanthomonas spp. (euvesicatoria, vesicatoria, gardneri, perforans)","Small dark angular leaf spots with yellow halo; centers fall out giving shot-hole; fruit has raised scabby lesions with water-soaked borders.","بقع زاوية داكنة صغيرة على الأوراق بهالة صفراء، مراكزها تسقط (ثقب الطلقة)، بقع مرتفعة خشنة على الثمار بحواف مشبعة بالماء.","Warm (24-30°C) wet weather; splashing rain; contaminated seeds; overhead irrigation.","طقس دافئ (24-30°م) رطب، تناثر الأمطار، بذور ملوثة، ري علوي.","Infected seed/transplants, working plants when wet, wounds from insects or tools.","بذور/شتلات مصابة، العمل مع النباتات وهي مبللة، جروح من حشرات أو أدوات.","Copper + mancozeb tank mix every 7-10 days; streptomycin on transplants only where permitted.","خليط النحاس + مانكوزيب كل 7-10 أيام، ستربتومايسين على الشتلات فقط عند السماح.","Hot water seed treatment (50°C, 25 min); copper hydroxide; Bacillus subtilis (Serenade).","معالجة البذور بالماء الساخن (50°م لمدة 25 دقيقة)، هيدروكسيد النحاس، Bacillus subtilis (Serenade).","Certified clean seed/transplants; drip irrigation; stake plants; 2-year rotation away from solanaceous crops.","بذور/شتلات معتمدة نظيفة، ري بالتنقيط، تعريش النباتات، دورة زراعية سنتين بعيدًا عن العائلة الباذنجانية.","High","Warm summer months","أشهر الصيف الدافئة","https://extension.umn.edu/disease-management/bacterial-spot-tomato-and-pepper"
"29","Tomato___Early_blight","Tomato","طماطم","Early Blight","اللفحة المبكرة","diseased","Fungi: Alternaria solani / Alternaria tomatophila","فطر: Alternaria solani / Alternaria tomatophila","Target-like lesions with concentric rings on older leaves first; yellow halo; stem and fruit lesions at blossom/stem end.","بقع بحلقات دائرية (هدفية) على الأوراق القديمة أولًا، بهالة صفراء، بقع على السيقان والثمار من جهة القمة/الذيل.","Warm (27-30°C), humid (>90% RH), heavy dew; attacks stressed or mature plants.","حرارة 27-30°م، رطوبة >90%، ندى كثيف، يهاجم النباتات المجهدة أو الناضجة.","Nitrogen deficiency, heavy fruit load, drought stress, overhead irrigation, crowded plants.","نقص الآزوت، حمل ثمري ثقيل، إجهاد جفاف، ري علوي، زراعة كثيفة.","Chlorothalonil, mancozeb, or azoxystrobin on 7-14 day schedule; rotate FRAC codes.","كلوروثالونيل أو مانكوزيب أو أزوكسيستروبين كل 7-14 يوم، مع تبديل مجموعات الـ FRAC.","Copper sprays, Bacillus subtilis, remove lower leaves, mulch to prevent splash.","رش النحاس، Bacillus subtilis، إزالة الأوراق السفلى، تغطية التربة لمنع التناثر.","Stake and prune lower leaves; mulch; 2-year rotation; balanced fertilization; resistant varieties (Mountain Magic, Iron Lady).","تعريش وإزالة الأوراق السفلى، تغطية التربة، دورة زراعية سنتين، تسميد متوازن، أصناف مقاومة (Mountain Magic, Iron Lady).","High","Mid to late summer","منتصف إلى أواخر الصيف","https://extension.umn.edu/disease-management/early-blight-tomato-and-potato"
"30","Tomato___Late_blight","Tomato","طماطم","Late Blight","اللفحة المتأخرة","diseased","Oomycete: Phytophthora infestans","عضو الأومِسيتات: Phytophthora infestans","Large water-soaked dark lesions on leaves and stems; white downy sporulation on undersides; firm brown greasy-looking patches on fruit; can kill whole plant in days.","بقع كبيرة مشبعة بالماء داكنة على الأوراق والسيقان، زغب أبيض من الأسفل، بقع بنية صلبة ذات مظهر دهني على الثمار، يمكن أن يقتل النبات خلال أيام.","Cool (15-20°C), wet, humid, foggy weather; rapid spread by wind-borne sporangia.","طقس بارد (15-20°م) رطب ضبابي، الانتشار سريع عبر الأبواغ المحمولة بالرياح.","Proximity to infected potatoes, tomato cull piles, or volunteer plants; overhead irrigation.","قرب بطاطس مصابة، أكوام طماطم مستبعدة، أو نباتات عفوية، ري علوي.","Protectant (mancozeb, chlorothalonil) + systemic (mandipropamid, cymoxanil) every 5-7 days under high pressure.","وقائي (مانكوزيب، كلوروثالونيل) + جهازي (mandipropamid, cymoxanil) كل 5-7 أيام تحت الضغط العالي.","Copper hydroxide preventively every 5 days; destroy infected plants immediately; no organic cure.","هيدروكسيد النحاس وقائيًا كل 5 أيام، إتلاف النباتات المصابة فورًا، لا يوجد علاج عضوي شافي.","Certified clean transplants; resistant varieties (Mountain Magic, Defiant PhR); drip irrigation; monitor USABlight forecasts.","شتلات معتمدة نظيفة، أصناف مقاومة (Mountain Magic, Defiant PhR)، ري بالتنقيط، متابعة تنبؤات USABlight.","High","Cool wet periods (spring/fall)","الفترات الباردة الرطبة (ربيع/خريف)","https://www.vegetables.cornell.edu/pest-management/disease-factsheets/late-blight/"
"31","Tomato___Leaf_Mold","Tomato","طماطم","Leaf Mold","عفن الأوراق","diseased","Fungus: Passalora fulva (syn. Fulvia fulva, Cladosporium fulvum)","فطر: Passalora fulva (الاسم السابق: Fulvia fulva أو Cladosporium fulvum)","Pale green-yellow spots on upper leaf surface; olive-green to brown velvety mold on lower surface; leaves curl and drop; mostly in greenhouses/high tunnels.","بقع خضراء-صفراء باهتة على السطح العلوي، عفن مخملي زيتوني إلى بني على السطح السفلي، الأوراق تلتفّ وتسقط، شائع في الصوبات.","High humidity (>85%), moderate temperatures (22-24°C), poor ventilation, still air.","رطوبة عالية (>85%)، حرارة معتدلة (22-24°م)، ضعف التهوية، هواء راكد.","Enclosed structures, overhead watering, dense planting, low light.","الصوبات المغلقة، الري العلوي، الزراعة الكثيفة، ضعف الإضاءة.","Chlorothalonil or mancozeb; rotate with strobilurins (azoxystrobin) if resistance is not yet present.","كلوروثالونيل أو مانكوزيب، مع تبديل مع ستروبيلورينات (أزوكسيستروبين) إذا لم تظهر المقاومة.","Copper sprays (Champ 30 WG); Zonix (rhamnolipid); proper ventilation and pruning.","رش النحاس (Champ 30 WG)، Zonix (rhamnolipid)، تهوية وتقليم مناسبين.","Ventilate greenhouses; prune lower leaves; space plants; drip irrigation; resistant varieties (Red Mountain, Primo Red, Mountain Spring).","تهوية الصوبات، تقليم الأوراق السفلى، مسافات زراعة، ري بالتنقيط، أصناف مقاومة (Red Mountain, Primo Red, Mountain Spring).","Medium","Greenhouse seasons; cool wet periods","مواسم الصوبات، الفترات الباردة الرطبة","https://extension.umn.edu/disease-management/tomato-leaf-mold"
"32","Tomato___Septoria_leaf_spot","Tomato","طماطم","Septoria Leaf Spot","بقعة سبتوريا الورقية","diseased","Fungus: Septoria lycopersici","فطر: Septoria lycopersici","Many small (~1/4 inch) circular spots with dark borders and pale gray/tan centers; black pycnidia visible in centers; starts on lower leaves; severe defoliation.","بقع دائرية صغيرة كثيرة (~6 مم) بحواف داكنة ومراكز رمادية/فاتحة، نقاط سوداء (pycnidia) مرئية في المراكز، تبدأ من الأوراق السفلى، تسبب تساقط شديد للأوراق.","Warm (15-27°C), humid (>90% RH), wet conditions; spreads as canopy closes.","طقس دافئ (15-27°م)، رطب (>90%)، ينتشر عند انغلاق المجموع الخضري.","Dense canopy, water splash from soil, infected weeds (nightshade family), debris from previous season.","مجموع خضري كثيف، تناثر الماء من التربة، أعشاب مصابة (فصيلة الباذنجان)، بقايا من الموسم السابق.","Chlorothalonil, mancozeb, or copper-based fungicides weekly starting early, before severe symptoms.","كلوروثالونيل أو مانكوزيب أو مبيدات نحاسية أسبوعيًا بدءًا مبكرًا قبل ظهور أعراض شديدة.","Copper + Bacillus subtilis; remove infected lower leaves; mulch heavily.","النحاس + Bacillus subtilis، إزالة الأوراق السفلى المصابة، تغطية التربة بطبقة سميكة.","Mulch, stake plants, 2-year rotation, weed control (nightshades), avoid overhead watering, resistant varieties.","تغطية التربة، تعريش، دورة زراعية سنتين، مكافحة الحشائش (الباذنجانيات)، تجنب الري العلوي، أصناف مقاومة.","High","Mid summer onward","من منتصف الصيف","https://extension.umn.edu/plant-diseases/tomato-leaf-spot-diseases"
"33","Tomato___Spider_mites","Tomato","طماطم","Two-Spotted Spider Mite","العنكبوت الأحمر ذو البقعتين","diseased","Pest (mite): Tetranychus urticae","آفة (عنكبوت): Tetranychus urticae","Tiny white/yellow stippling on leaves; leaves bronze/bleach and drop; fine webbing on undersides in heavy infestations; 'gold fleck' on fruit.","نقط بيضاء/صفراء دقيقة على الأوراق، الأوراق تبرنزت/تبيضّ وتسقط، نسيج عنكبوتي دقيق تحت الأوراق في الإصابة الشديدة، نقط ذهبية على الثمار.","Hot (>27°C), dry, dusty conditions; drought-stressed plants; indoor or greenhouse environments.","ظروف حارة (>27°م) جافة مغبرة، نباتات مجهدة بالجفاف، بيئات داخلية أو صوبات.","Drought stress, dusty conditions, broad-spectrum insecticide use killing natural predators.","إجهاد الجفاف، الظروف المغبرة، استخدام مبيدات واسعة الطيف تقتل الأعداء الطبيعية.","Miticides (bifenazate, abamectin, spiromesifen, etoxazole) rotated; use ONLY when needed.","مبيدات العناكب (bifenazate, abamectin, spiromesifen, etoxazole) مع التبديل، تُستخدم عند الحاجة فقط.","Water jet (strong spray), insecticidal soap, neem oil, horticultural oils; release Phytoseiulus persimilis (predatory mite).","رش ماء قوي، صابون حشري، زيت النيم، زيوت بستانية، إطلاق Phytoseiulus persimilis (عنكبوت مفترس).","Keep plants well-watered; wet pathways to reduce dust; avoid broad-spectrum insecticides; early monitoring with hand lens.","الحفاظ على الري الجيد، ترطيب الممرات لتقليل الغبار، تجنب المبيدات واسعة الطيف، المراقبة المبكرة بعدسة يدوية.","Medium","Hot dry summer","الصيف الحار الجاف","https://extension.umn.edu/yard-and-garden-insects/spider-mites"
"34","Tomato___Target_Spot","Tomato","طماطم","Target Spot","البقعة الهدفية","diseased","Fungus: Corynespora cassiicola","فطر: Corynespora cassiicola","Small brown spots on leaves with light centers; can show concentric rings; fruit has small dark sunken spots that enlarge and crack open as fruit ripens.","بقع بنية صغيرة على الأوراق بمركز فاتح، قد تظهر بحلقات دائرية، بقع داكنة غائرة صغيرة على الثمار تتسع وتتشقق أثناء النضج.","Warm (20-30°C) humid weather; heavy dew; extended wet periods; common in Florida/tropical tomato production.","طقس دافئ (20-30°م) رطب، ندى كثيف، فترات رطبة طويلة، شائع في إنتاج طماطم فلوريدا/الاستوائي.","Dense plantings, overhead irrigation, continuous tomato cropping, greenhouse conditions.","زراعة كثيفة، ري علوي، زراعة طماطم متواصلة، ظروف الصوبات.","Chlorothalonil, mancozeb, or strobilurins (pyraclostrobin, azoxystrobin); rotate FRAC groups.","كلوروثالونيل أو مانكوزيب أو ستروبيلورينات (pyraclostrobin, azoxystrobin)، مع تبديل مجموعات الـ FRAC.","Copper sprays; Bacillus subtilis; remove infected leaves; destroy debris.","رش النحاس، Bacillus subtilis، إزالة الأوراق المصابة، إتلاف البقايا.","Crop rotation, drip irrigation, airflow management, plant spacing, resistant cultivars where available.","دورة زراعية، ري بالتنقيط، إدارة التهوية، مسافات زراعة، أصناف مقاومة حيث تتوفر.","Medium","Warm wet periods","الفترات الدافئة الرطبة","https://ipm.ifas.ufl.edu/pdfs/Target_Spot.pdf"
"35","Tomato___Tomato_Yellow_Leaf_Curl_Virus","Tomato","طماطم","Tomato Yellow Leaf Curl Virus (TYLCV)","فيروس تجعد واصفرار أوراق الطماطم","diseased","Virus: TYLCV (Begomovirus); vectored by silverleaf whitefly Bemisia tabaci","فيروس: TYLCV (بيجوموفيروس)، تنقله الذبابة البيضاء Bemisia tabaci","Severe stunting; small upward-curled leaves with yellow margins; shortened internodes; flower drop; few or no fruit if infected young.","تقزم شديد، أوراق صغيرة ملتفة للأعلى بحواف صفراء، سلاميات قصيرة، تساقط الأزهار، إنتاج ضعيف أو معدوم إذا أُصيب النبات صغيرًا.","Hot, dry regions favor whitefly reproduction; no direct environmental trigger beyond vector presence.","المناطق الحارة الجافة تساعد تكاثر الذبابة البيضاء، لا يوجد محفز بيئي مباشر سوى وجود الناقل.","Proximity to infected tomato or weed hosts; heavy whitefly pressure; no temporal break from tomato cropping.","قرب نباتات طماطم أو أعشاب مصابة، ضغط عالٍ من الذبابة البيضاء، عدم وجود فترة خالية من زراعة الطماطم.","No cure. Control whiteflies with imidacloprid, dinotefuran, spirotetramat; rotate chemistries to prevent resistance.","لا يوجد علاج. مكافحة الذبابة البيضاء بـ imidacloprid, dinotefuran, spirotetramat مع التبديل لمنع المقاومة.","Neem/azadirachtin, insecticidal soap, pyrethrin; metalized/silver reflective mulch to repel whiteflies; yellow sticky traps.","نيم/أزاديراكتين، صابون حشري، بيرثرين، تغطية فضية/معدنية لطرد الذبابة البيضاء، مصائد صفراء لاصقة.","Resistant varieties (Ty-1/Ty-3 genes); tomato-free period (2 months); remove infected plants in sealed bags; reflective mulch.","أصناف مقاومة (جينات Ty-1/Ty-3)، فترة خالية من الطماطم (شهرين)، إزالة النباتات المصابة في أكياس محكمة، تغطية عاكسة.","High","Year-round in warm climates","طوال العام في المناخات الدافئة","https://ipm.ifas.ufl.edu/agricultural_ipm/tylcv_home_mgmt.shtml"
"36","Tomato___Tomato_mosaic_virus","Tomato","طماطم","Tomato Mosaic Virus (ToMV)","فيروس موزاييك الطماطم","diseased","Virus: Tomato Mosaic Virus (Tobamovirus), closely related to TMV","فيروس: Tomato Mosaic Virus (توباموفيروس)، قريب من TMV","Mottled light and dark green leaves; curled, malformed, small leaves; stunted plants if infected early; uneven fruit ripening; internal fruit browning.","تبقع فاتح وداكن من اللون الأخضر على الأوراق، أوراق ملتفة مشوهة صغيرة، تقزم إذا أُصيب مبكرًا، نضج غير منتظم للثمار، اسمرار داخلي للثمار.","Spread mechanically via tools, hands, tobacco products, contaminated seeds; very stable virus persisting in debris for years.","ينتقل ميكانيكيًا عبر الأدوات والأيدي ومنتجات التبغ والبذور الملوثة، فيروس ثابت جدًا يبقى في البقايا لسنوات.","Smoking/handling tobacco while working with plants; using infected seeds or transplants; contaminated tools.","التدخين/التعامل مع التبغ أثناء العمل على النباتات، استخدام بذور أو شتلات مصابة، أدوات ملوثة.","No chemical cure for plant viruses; focus on prevention and vector control.","لا يوجد علاج كيميائي للفيروسات النباتية، ركّز على الوقاية ومكافحة الناقلات.","No organic cure; remove infected plants; disinfect tools with 10% bleach or trisodium phosphate.","لا يوجد علاج عضوي، إزالة النباتات المصابة، تعقيم الأدوات بكلور 10% أو فوسفات ثلاثي الصوديوم.","Resistant varieties (ToMV/Tm-2 gene); certified seed; hot-water seed treatment (50°C, 25 min); no tobacco near plants; wash hands/tools.","أصناف مقاومة (جين ToMV/Tm-2)، بذور معتمدة، معالجة بالماء الساخن (50°م، 25 دقيقة)، منع التبغ قرب النباتات، غسل اليدين والأدوات.","High","All seasons (persistent in debris)","جميع المواسم (يبقى في البقايا)","https://extension.umn.edu/disease-management/tomato-viruses"
"37","Tomato___healthy","Tomato","طماطم","Healthy","سليم","healthy","None","لا يوجد","Uniform green leaves, firm stems, no spots, lesions, mold, or curling.","أوراق خضراء موحدة، سيقان قوية، بدون بقع أو تقرحات أو عفن أو التفاف.","Adequate sunlight, balanced irrigation, good air circulation, moderate humidity.","ضوء شمس كافٍ، ري متوازن، تهوية جيدة، رطوبة معتدلة.","None detected. Maintain balanced N-P-K and avoid waterlogging.","لا يوجد إجهاد. حافظ على توازن NPK وتجنب ركود الماء.","Not required.","غير مطلوب.","Preventive only: compost, mulching, foliar seaweed extract if needed.","وقائي فقط: كمبوست، تغطية التربة، رش مستخلص أعشاب بحرية عند الحاجة.","Continue good agricultural practice: crop rotation, sanitation, resistant cultivars.","استمر في الممارسات الجيدة: دورة زراعية، نظافة، أصناف مقاومة.","None","All seasons","جميع المواسم","https://www.apsnet.org/edcenter/Pages/default.aspx"
"38","Rice___BrownSpot","Rice","أرز","Brown Spot","البقعة البنية","diseased","Fungus: Bipolaris oryzae (syn. Cochliobolus miyabeanus)","فطر: Bipolaris oryzae","Circular to oval brown spots with gray centers and reddish-brown margins on leaves; can also infect glumes, grains, sheaths. Up to 45% yield loss in severe cases.","بقع بنية دائرية إلى بيضاوية بمركز رمادي وحواف بنية محمرة على الأوراق، يصيب كذلك الغلاف والحبوب والأكمام، يسبب خسائر محصول تصل إلى 45%.","Heat (25-30°C), high humidity, prolonged leaf wetness; stagnant water.","حرارة 25-30°م، رطوبة عالية، بقاء الأوراق مبللة، مياه راكدة.","Soil nutrient deficiency (especially nitrogen, potassium, silicon); sandy/saline soils; drought stress — this disease is known as 'poor man's disease' because fertility is the main issue.","نقص مغذيات التربة (خاصة N و K و السيليكون)، تربة رملية/مالحة، إجهاد جفاف، تُعرف بمرض الأرض الفقيرة لأن نقص خصوبة التربة هو السبب الرئيسي.","Propiconazole, iprodione, or mancozeb; seed treatment with carbendazim or thiram.","بروبيكونازول أو إيبروديون أو مانكوزيب، معالجة البذور بالكاربندازيم أو الثيرام.","Apply balanced NPK + silicon; use green manure; hot water seed treatment (53-54°C, 12 min).","تسميد متوازن NPK + سيليكون، استخدام السماد الأخضر، معالجة البذور بالماء الساخن (53-54°م، 12 دقيقة).","Fix soil fertility first! Use resistant varieties; clean seed; balanced fertilization including potassium and silicon.","أصلح خصوبة التربة أولًا! استخدم أصناف مقاومة، بذور نظيفة، تسميد متوازن يشمل البوتاسيوم والسيليكون.","High","All rice growing seasons","جميع مواسم زراعة الأرز","http://www.knowledgebank.irri.org/training/fact-sheets/pest-management/diseases/item/brown-spot"
"39","Rice___Hispa","Rice","أرز","Rice Hispa (Insect Pest)","هِسبا الأرز (آفة حشرية)","diseased","Insect (beetle): Dicladispa armigera","حشرة (خنفساء): Dicladispa armigera","White parallel streaks along leaf veins from surface scraping by adults; translucent patches from larval tunneling. Up to 20% yield loss.","خطوط بيضاء موازية لعروق الأوراق من كشط البالغين للسطح، بقع شفافة من أنفاق اليرقات، خسائر محصول تصل إلى 20%.","Warm humid weather; weedy bunds; high nitrogen applications favor outbreaks.","طقس دافئ رطب، جسور حقول مليئة بالحشائش، التسميد الآزوتي المفرط يزيد تفشيها.","Over-fertilization with nitrogen; wide plant spacing; weedy field borders.","الإفراط في التسميد الآزوتي، مسافات زراعة واسعة، حواف حقول مليئة بالحشائش.","Chlorpyrifos, quinalphos, or monocrotophos when damage exceeds threshold; apply to young adult stage.","كلوربيريفوس أو كوينالفوس أو مونوكروتوفوس عند تجاوز الضرر الحد الاقتصادي، يُطبَّق على مرحلة البالغ الصغير.","Clip and bury infested leaf tips (reduces grubs 75-92%); release egg-parasitic wasps; entomopathogenic fungi (Metarhizium).","قص ودفن أطراف الأوراق المصابة (يقلل اليرقات 75-92%)، إطلاق طفيليات البيض من الزنابير، فطريات ممرضة للحشرات (Metarhizium).","Avoid excessive nitrogen; close plant spacing; weed bunds; scout early; use resistant varieties where available.","تجنب الإفراط في الآزوت، زراعة كثيفة، تنظيف جسور الحقل من الحشائش، الكشف المبكر، أصناف مقاومة حيث تتوفر.","Medium","Wet season (monsoon)","الموسم الرطب (الموسمي)","http://www.knowledgebank.irri.org/training/fact-sheets/pest-management/insects/item/rice-hispa"
"40","Rice___LeafBlast","Rice","أرز","Rice Blast (Leaf)","لفحة الأرز (الأوراق)","diseased","Fungus: Magnaporthe oryzae (anamorph: Pyricularia oryzae)","فطر: Magnaporthe oryzae (الشكل اللاجنسي: Pyricularia oryzae)","Diamond-shaped spots with gray-white centers and brown borders on leaves; can appear on nodes ('rotten neck') causing whole panicle loss. Most devastating rice disease globally.","بقع ماسية الشكل بمركز رمادي-أبيض وإطار بني على الأوراق، قد تظهر على العقد (رقبة متعفنة) فتسبب خسارة السنبلة كلها. أخطر مرض للأرز عالميًا.","Cool nights, heavy dew, extended leaf wetness >6 hours; low soil moisture; high nitrogen.","ليالي باردة، ندى كثيف، بقاء الأوراق مبللة >6 ساعات، انخفاض رطوبة التربة، إفراط في الآزوت.","Excessive nitrogen fertilization (the #1 trigger), drought stress during growing period, upland rice, dense seeding.","الإفراط في التسميد الآزوتي (السبب الأول)، إجهاد الجفاف أثناء النمو، الأرز المرتفع، كثافة البذر العالية.","Tricyclazole, isoprothiolane, azoxystrobin, or carpropamid; apply at tillering and booting stages.","تريسيكلازول أو إيزوبروثيولان أو أزوكسيستروبين أو كاربروباميد، يُطبَّق في مرحلة التفريع والتطاول.","Silicon amendments (harden cell walls); balanced nitrogen (split applications); resistant varieties.","إضافة السيليكون (يقوي جدران الخلايا)، تسميد آزوتي متوازن (جرعات مقسمة)، أصناف مقاومة.","Split nitrogen applications; maintain flooding; use blast-resistant varieties (IR64, Tetep); clean seed; destroy stubble.","تسميد آزوتي على جرعات، الحفاظ على الغمر، استخدام أصناف مقاومة للبلاست (IR64, Tetep)، بذور نظيفة، إتلاف القش.","High","Cool humid periods; both wet and dry seasons","الفترات الباردة الرطبة، في كل من الموسمين الرطب والجاف","http://www.knowledgebank.irri.org/training/fact-sheets/pest-management/diseases/item/blast-leaf-collar"
"41","Rice___Healthy","Rice","أرز","Healthy","سليم","healthy","None","لا يوجد","Uniform green leaves, firm stems, no spots, lesions, mold, or curling.","أوراق خضراء موحدة، سيقان قوية، بدون بقع أو تقرحات أو عفن أو التفاف.","Adequate sunlight, balanced irrigation, good air circulation, moderate humidity.","ضوء شمس كافٍ، ري متوازن، تهوية جيدة، رطوبة معتدلة.","None detected. Maintain balanced N-P-K and avoid waterlogging.","لا يوجد إجهاد. حافظ على توازن NPK وتجنب ركود الماء.","Not required.","غير مطلوب.","Preventive only: compost, mulching, foliar seaweed extract if needed.","وقائي فقط: كمبوست، تغطية التربة، رش مستخلص أعشاب بحرية عند الحاجة.","Continue good agricultural practice: crop rotation, sanitation, resistant cultivars.","استمر في الممارسات الجيدة: دورة زراعية، نظافة، أصناف مقاومة.","None","All seasons","جميع المواسم","https://www.apsnet.org/edcenter/Pages/default.aspx"
